Username,UUID
Tickets 2,722196398635745312
Ticket Tool,557628352828014614
BobTheSnob,257582185932914688
ItsWilven,143323590970966016
Astrogirl,122580300042731521
TwoBirds_,157721625033179136
ydal251,322059921183080448
HeavenlyFiend43,336894106729054229
Xcerty,383372912054370309
SwifSkully,259352306531827713
Kevcai,466933907485491222
SKKRROORRGG,191529925247762432
Royal03,892301880124907520
Chubsffs,321916394327506945
bryce553_,689170698601496623
MelonPumpkin,892516491017224232
Freeflame,342976168775122954
PeachxEdition,686007465439133701
36_,194521142197747712
ClaysLostTime,162392061864181761
Lord_Bones,165160335903424512
Myrtis,505316007305543680
TheGrubKing,211599280912203786
chushberry,191092499056558080
Hlokk,61945282882973696
MissOlive,339451299508518915
TheChauDynasty,457299681588936704
ReggiesNewLeaf,264440788774158340
Lunaronium,488466990424522762
Carl-Bot,235148962103951360
kmskaine,311877089739407361
WAIA55,712403808524959755