UUIDs,Tickets
Tickets 2,2327
Ticket Tool,595
BobTheSnob,549
ItsWilven,484
Astrogirl,433
TwoBirds_,403
ydal251,309
HeavenlyFiend43,277
Xcerty,240
SwifSkully,157
Kevcai,150
SKKRROORRGG,144
Royal03,140
Chubsffs,139
bryce553_,117
MelonPumpkin,91
Freeflame,90
PeachxEdition,84
36_,72
ClaysLostTime,63
Lord_Bones,60
Myrtis,34
TheGrubKing,32
chushberry,26
Hlokk,22
MissOlive,20
TheChauDynasty,12
ReggiesNewLeaf,12
Lunaronium,7
Carl-Bot,7
kmskaine,6
WAIA55,5
143906061269598209,4
258995145431711755,4
785890629414420482,4
317625300697743360,4
182191300286611456,4
531221732309204993,3
407390850180710401,3
662644942501314573,3
868083377314615306,3
311537076124516354,3
875902817414545508,3
458659879104544768,3
205774621998317569,3
222840042056450048,3
315309075606798336,3
503464566370598912,3
201771434186375168,3
565648154289111041,3
729792723531595927,3
493566008389533716,3
771303680359530497,3
991060197239820289,3
419460244075446284,3
537540748153716737,2
689957162738515968,2
414542842669694978,2
322266861112786946,2
765763152658694144,2
697908205426049105,2
565752202719789056,2
805901417704980550,2
280308537039650816,2
369670656800980992,2
180812949361917952,2
269138926810300417,2
398151150685257728,2
943346028650856509,2
255124293162237952,2
502936155596259340,2
482459199213928459,2
321473101940391938,2
477366550832349186,2
184057671337377792,2
486297394804293646,2
614503722835509269,2
710936367898820658,2
496410305539342362,2
265932863885541376,2
403632989302685697,2
448052693567537153,2
678734085790892258,2
869051458513961032,2
634926622625103883,2
400509795251126283,2
531996088366792715,2
517852052563427329,2
494208901319884802,2
345773102363443200,2
778956481151238164,2
97673317544103936,2
356361018198196226,2
767221326905212929,2
640207495725449226,2
395138131218661377,2
543107098058293290,2
457179333195202560,2
185773873113989121,2
919041724171558982,2
785322471506575390,2
591075835440791578,2
185994158186430464,2
844925096934113290,2
434659796973649930,2
761362766089945118,2
164236480053641217,2
743680460038733834,2
745388302160363653,2
266697635883253761,2
134198912826343424,2
525820376169840656,2
909402345039884299,2
1018873807391440936,2
866887883532402698,2
179925461231599616,2
703396204544917524,2
698589879415734353,2
241672151646601216,2
280824334392623104,2
175113813950070784,2
296237581459521536,2
797238388335837284,2
246609980684238848,2
787392064388202588,2
635500468415758347,2
592913418663755786,2
565350199652777994,2
531847796316307466,2
551511810004746250,2
425760391986020383,2
215942280517910528,2
163475262019862528,2
717746852908498944,2
293762671394816000,2
151851221311946752,2
391341604620992533,2
327864652002230274,2
278927651677143040,2
269637481366814732,2
845588882342150164,2
535893560218615860,2
354285285254758401,2
505541697841659924,2
205063618448850944,2
418164728406212610,2
769113080054808586,2
899075311872929822,2
391903448624529422,2
190188683637293056,2
436172267307663363,2
343427678491115521,2
150322874153041920,2
955625788668014662,2
272083222412787713,2
317796835265871873,2
287783377975902212,2
729953198865121330,2
215269175449485313,2
1005973810715033651,2
239207329663287297,2
847146408380727377,2
215269314675081216,2
198648719363670017,2
313816130160427008,2
767389205235499078,2
840671608158289930,2
174242050496004096,2
295569545354018826,2
884388703861108766,2
288029188953473026,2
435656707176398859,2
400736885460303874,2
702122482399969360,2
743813553030692895,2
717881680311877744,2
988074361590263818,2
314763637493334017,2
225814501860179970,2
414575428431380482,2
443598379927470090,2
700129602651029564,2
208309127007567872,2
89984485977772032,2
910170510330044456,2
601549968645423104,2
299280626320670721,2
387295897513623556,2
321620941085868033,2
615585416250392596,2
706277632349569175,2
526118314112581635,2
987090402005909594,2
399838318457651200,2
207595664522084352,2
924472549377703967,2
223090579268042752,2
725337793684832287,2
555469467958771712,2
718820888383979580,2
717031170298216489,2
426101769370599426,2
1016480925363753012,2
842117278158028903,2
269646397630840832,2
614356746638458880,2
749639353898106910,2
589506692304076814,2
455305821459447809,2
182895276305022976,2
278618468796989441,2
697584877461307412,2
671163310200193065,2
218545441443151872,2
575415492743790606,2
327996977335894016,2
222648307237912576,2
104745004076961792,2
559834158579580928,2
189310656380534784,2
460608270147518464,2
731985280139264168,2
145327573524545537,2
209447980414140416,2
331919934718214156,2
230410553590284288,2
237289469852647434,2
556912357930958861,2
489068970494918656,2
239149967640363019,2
217305701297553408,2
424236856251645972,2
290502907286126592,2
105614249753133056,2
1055934098625019964,2
135938946092761088,2
480417819326939137,2
427230330487832586,2
199950833788518400,2
755519367655194924,2
839166756613521470,2
518520203802574848,1
320033091877863434,1
234520478897799169,1
282244089456492547,1
994090048796495972,1
445047552358875147,1
316020356769120257,1
482702627369648128,1
970190156000792636,1
252871882800365568,1
92000597993082880,1
187700920979685377,1
287751395560652800,1
827214979332571187,1
887743611431710751,1
498973761706655766,1
309130041709690900,1
131154823109148672,1
592421419661393933,1
295383239940505610,1
204993384224391169,1
602668213561720832,1
397013500259467275,1
136999186926272512,1
725948842712891464,1
363747419676082186,1
810795172791189515,1
501170648060788767,1
882064666602393670,1
926267977257594941,1
236235339763679234,1
542175724967034881,1
659767484202876989,1
861951907371286529,1
854389574088654859,1
548564584622063647,1
824322680966086678,1
916024643259859054,1
733487808043417722,1
731579347349274675,1
985748369009942578,1
832377039242788864,1
538545119528353795,1
998924563620560976,1
303677845027422208,1
269858325892431872,1
814959304540160130,1
264800471498096640,1
129428493405650944,1
195663675787444234,1
331632945171529730,1
882195688954417172,1
436238831461597204,1
586931009996587010,1
399428231217938434,1
277551792831725569,1
830951559147421696,1
760121956082778153,1
119550112320978948,1
889923014228058153,1
333024757266251777,1
473239406564737024,1
951634341874790402,1
684557253965250560,1
889188929369165855,1
897043544605339659,1
437709208763236352,1
781589473690386482,1
378818113833009153,1
280854583566401536,1
655811314559614979,1
822227745248903179,1
484949585119150080,1
314618583923818496,1
261726357136867328,1
769533423307587594,1
589827028665106452,1
622488546652979221,1
772396552089501706,1
824591790417248266,1
476433597906157579,1
209933895267909633,1
513119100080488458,1
713927432192786554,1
443353680285007873,1
832198855469826078,1
877455355519598632,1
658686417169416260,1
226050309846204416,1
912087876752273408,1
961293356435120230,1
266399433359491094,1
530371093500919808,1
646678951674249277,1
470959747365863434,1
767259944457207819,1
851246243538665473,1
731363048937488404,1
804795803947499535,1
567863119326740483,1
220605362049515520,1
584839871898714118,1
830293577695363072,1
942034788351615007,1
288741909902393344,1
337000926168612864,1
681331599736176640,1
920380566401064990,1
625774833099079692,1
522929234113593344,1
754128121091063841,1
554745574402949131,1
183496178543886336,1
119221421267353604,1
169630927071346688,1
475358475363549196,1
318049602370797569,1
766088718960295936,1
356912114729746433,1
308463158912090123,1
708389877607170050,1
703628279407575120,1
621847836371451936,1
191912325488312320,1
363427980090802176,1
941140584490500108,1
318045160514781194,1
849960686419050526,1
517371382594666496,1
260974710878240779,1
558866987451809794,1
642065333322121241,1
706495911769145435,1
312381393751638018,1
333355996170682368,1
222531059256918019,1
293339544416419841,1
614796939791171619,1
856750886381813780,1
638840538639892511,1
754911679766331465,1
343077136447307790,1
141827536077324288,1
536244068229971980,1
598607797319368737,1
307033057259683841,1
783230420761575434,1
400707562284253195,1
373643164659089408,1
685216870970032188,1
651148471453351946,1
330802106774585345,1
443455315036471306,1
560897153090846722,1
158111250826526720,1
254470790001590273,1
400555002495762442,1
977735614608867348,1
103532844671844352,1
264511790740799488,1
261992555640651777,1
250831641818300423,1
576753795086680065,1
794208063187189780,1
277236353329266688,1
207399492583030785,1
411205909776433162,1
737115608402886686,1
298537027690037258,1
393025577667264517,1
546445579002314772,1
817501765871206451,1
532686711096868884,1
315223607141728259,1
923637820382412850,1
394246582175924236,1
150728931585163266,1
502265343679397908,1
168547599891038208,1
678135762859982907,1
436593522012061696,1
196319505192976384,1
882149502725812224,1
486229519724838932,1
630100086386327552,1
271462229507964928,1
433812475494924299,1
178112904879538176,1
191713627168964609,1
845620942176780318,1
831838513258692638,1
792173374591860786,1
344999089274093570,1
788491259102101565,1
493907843968270336,1
793508547987767347,1
199418095268265985,1
444669207662034955,1
321671647612633108,1
644924687549464586,1
767074235142373418,1
488647064046010369,1
319528789434433537,1
301810780029059073,1
221610343225360384,1
548864377533497354,1
931039858774921257,1
299478277737938944,1
183704272402120706,1
280380241707270144,1
190914816737673217,1
441270028206211074,1
785371111570931763,1
269501839320285196,1
712733238426206258,1
380421972292796421,1
505511348315226127,1
716377425625481238,1
769008535794614292,1
340669550821376000,1
528012011984912394,1
763143402619142194,1
259835855189966849,1
529426542720188468,1
186552100099063808,1
902696958634885182,1
172478749109911552,1
649276706846277659,1
373590413203996683,1
447405813188001813,1
143119016691499009,1
882993710676185099,1
474388595566837772,1
577870663528742923,1
459603064551243778,1
335559092900855819,1
877791061827792917,1
275311856283811841,1
511196395978489877,1
599150215286751235,1
799596936675065856,1
324228574850711552,1
361571663302885379,1
206925671044349952,1
425705580892782603,1
358615408401580033,1
582439490077851658,1
724016958046994462,1
761077408992198686,1
288887568739598336,1
940237383247466496,1
724084404716306503,1
197210028082593793,1
162949506038628353,1
149710695259308032,1
794632699024375808,1
476652421708513290,1
210008879407300609,1
932759127745245214,1
430406764622774283,1
456938846106550300,1
783466935504994324,1
462356792970838017,1
401472343442194432,1
547542003504775196,1
452964912336207873,1
641761920269025320,1
329046344541143042,1
883433417809743882,1
665359482095796264,1
270356864192086017,1
823988259281174558,1
732713922821488701,1
418214079669469205,1
565745804048990259,1
694742783298371635,1
917724098015166494,1
269683161175293953,1
476336600612077568,1
760088084779630623,1
492018076875751434,1
738230087891026113,1
926367510847188992,1
161316992261816331,1
746010340550115358,1
884068206791241748,1
260139411402915841,1
554329094465126426,1
574534681144459264,1
285569865870344195,1
944552929438879775,1
332598726092914690,1
470400966630309918,1
291992122603601930,1
797799727776399372,1
357033209394888705,1
763670947369582595,1
580790964461764608,1
429371407747645450,1
392129604682252289,1
747564697821380780,1
257945094672482306,1
530100346484162562,1
199984213301133313,1
376460879912370178,1
252435331670867968,1
634752343266689040,1
614478579438190597,1
526285495961911296,1
276825095304118283,1
466053257832169472,1
456819937923563528,1
339590243659284480,1
700981259647582208,1
545549790771937280,1
647248017879072779,1
454121539395125249,1
640296476601221130,1
470383714619228171,1
885129750912311346,1
244247151591424001,1
336919970812264448,1
348166489431605249,1
424920935238205441,1
224871976324431872,1
799041000253030421,1
924000760096755775,1
927327432107782145,1
196806142268014592,1
427949030291668992,1
243039991301799936,1
578714568776482830,1
135171496053178368,1
305346590262951936,1
961048407462518844,1
267297826931867648,1
316220928994443264,1
546440553403777025,1
717393551931080785,1
613934053409816593,1
959838207799869450,1
578269962276175872,1
438151101984931851,1
415000776780283916,1
663924311349919784,1
216557504719486976,1
142390897902878720,1
727565132296880211,1
261945731659726848,1
903965298200297472,1
687462963904249885,1
349593870159577098,1
353303989879701505,1
161500490083860480,1
968986496260526091,1
513808991147655168,1
516791557790367756,1
967140469396095036,1
959889125039804506,1
695388737865121814,1
307221269982609409,1
400561146647543809,1
123145746039046144,1
278584409387433985,1
559743241113829378,1
406875559335952389,1
548237382655148072,1
260085952926449664,1
117397813326905348,1
724964125146611723,1
228673097404907522,1
680920880137895977,1
852639560156577875,1
525229517560872962,1
756778914558509076,1
956752511161729076,1
374038382004666379,1
518678143016632321,1
716770410007625789,1
555623384063541248,1
502062821564088340,1
794773388442468392,1
622807203329605652,1
730805872443260958,1
348398032599121920,1
471505379671539712,1
703432522624794695,1
521684968536014848,1
545804240497410069,1
824611860363608084,1
483596540133376001,1
575778104690081824,1
339509167771353089,1
754105301644345355,1
782727699923337226,1
247172685329727490,1
262113049010372618,1
295250769911873537,1
339257115589738496,1
880280394807799829,1
684111620783341687,1
907439036145213440,1
200861476930453504,1
838384591508209694,1
842544608142819339,1
433464036143661056,1
524589484063588395,1
932640622538539058,1
182978525547069440,1
847702653874339920,1
596392156881747968,1
526802389382987776,1
792255207257931806,1
335167834378207242,1
175665131961712640,1
341286247324450836,1
491195926132686858,1
947640977462558730,1
359112329368961025,1
652473002662821908,1
687840372461797550,1
137809153514143744,1
780883052158779404,1
660329690388496394,1
435998136851365898,1
701702466638708758,1
547932183256629251,1
302083641792659456,1
336852890885029890,1
163096586493231105,1
795780316815949886,1
478352471786520606,1
244272713730883586,1
473952571720073226,1
485877003241652224,1
568540116335984640,1
834049072298065921,1
528283268882235392,1
527330574990311424,1
143373549338361856,1
746935087299297393,1
795404532339048448,1
272034874490224640,1
618106436345528325,1
284779823212265472,1
846816194333638676,1
954208209399341077,1
352746259099942914,1
654461445341446149,1
758531950239285268,1
573236497722114059,1
759359133048242206,1
878874687743066114,1
709244007053656094,1
204058210229813259,1
854079375334441021,1
443609293644890113,1
758065614722957443,1
798284121671335947,1
232080935913259009,1
188164120036507648,1
390724385239203841,1
685587091190579352,1
201243348915322880,1
305875645722918913,1
515220227231973407,1
947249700753539112,1
627879661875232769,1
739650035763118103,1
241680080319938560,1
467893851093336094,1
394222750366957578,1
281435885101121547,1
445879075307782154,1
162457077300723714,1
532394142656102410,1
1072904800498352229,1
317704386346221568,1
438037372173680657,1
819288583771914241,1
580818561631518720,1
660266818333704194,1
632506555383676938,1
194029156974067712,1
585563440836378644,1
239497387565907968,1
763149474117320706,1
602908065293140007,1
321041777480040448,1
166852083931152384,1
536525767916650518,1
610928101815353369,1
280111234278227970,1
325626403095838730,1
926019408743251969,1
102433609998147584,1
172522338955427843,1
967712658382004244,1
513150114412363800,1
143753932642975746,1
797142640860201040,1
196459511018422272,1
746570698356555846,1
699393032113356850,1
509923617878835222,1
678589890803531776,1
1053735904520437910,1
1016792414721163406,1
166606381024149506,1
291285709103300609,1
1030580267569655830,1
480880800481542144,1
589850978061385729,1
411831756992413697,1
194546819416588288,1
563874429462118411,1
381322736061906946,1
151347316454981633,1
615621544370241547,1
126690837374566401,1
631219956406812683,1
249723643653914624,1
205715775682641920,1
460550280644395028,1
345165068238848000,1
591194636500992041,1
472527722002907146,1
945385919144394782,1
1053439064356954222,1
958697666735378532,1
574007023730032670,1
376099068474163200,1
151044864027525120,1
219164445937500160,1
298371474857656332,1
203528702980521984,1
129787772406988800,1
987845018142257162,1
185970697074507786,1
289943812401528833,1
857198062064500757,1
295802576031580160,1
434724412609003520,1
430404155845115914,1
362222563440590858,1
345586280555610113,1
813187168771375144,1
1060013430196678726,1
335728970442080257,1
303272873013805066,1
804187027871367220,1
631984362287529985,1
767794597412864010,1
170993740859572234,1
934714578544230441,1
512959274582802436,1
1048194057123409970,1
810318947332259840,1
463749605612584982,1
1054910948109992037,1
1068603860668649652,1
405479233616347137,1
405407339752062977,1
846374240231358514,1
194153307416166400,1
391559403179999234,1
600369244839870465,1
620591017342795786,1
437761684493303810,1
379188883339870208,1
234751278130003979,1
1010277907979046913,1
624580674342354995,1
704872844227641486,1
200697543259193353,1
427515434087088148,1
600711537711382538,1
235920746499538944,1
712012276709851176,1
846414310658146327,1
947279689230200863,1
332111107768451083,1
169827853091733505,1
753760283335327833,1
413860815322611712,1
345193082825998344,1
1059406366210523186,1
802252364118622348,1
936398715940376648,1
196272673188347904,1
327124686318206976,1
360554165799354368,1
581029110738976771,1
277860559427469312,1
177821762933751808,1
704807215265218590,1
855977853212295198,1
1112394677417672754,1
1112129960270889002,1
290813962524819457,1
178214888022343681,1
635516720420749339,1
303657531669217281,1
434806222042955778,1
718193233338826794,1
142755241295609857,1
813563936666419240,1
396043061039333387,1
615574537710338112,1
230674786445950977,1
916089569236123679,1
468100321915174919,1
814924155648213003,1
713883083501207573,1
892752764864725042,1
242361945422823436,1
295658150412025857,1
360546474397794307,1
284823075508322316,1
223474260117684224,1
327190344577974272,1
829857808953507900,1
207336392878063616,1
202582198870605824,1
439419034090602497,1
334526144143687691,1
486591409701519441,1
178730462150262786,1
977641713369767948,1
209387825362108426,1
987194234123726938,1
801665664963313675,1
477339971863183360,1
212345651596361728,1
365917818866368513,1
159085184887554048,1
251554620420128782,1
326758414325645313,1
292673441415561232,1
855316245024342057,1
244092832762036225,1
199947493268520960,1
976230671683055626,1
694389678085767178,1
265561429099282444,1
206958209041301505,1
511261224374108162,1
384585751834132490,1
286957607187644418,1
494086640600350742,1
338852749678608386,1
318418254102134784,1
458896565654913024,1
328334431846662145,1
1077159246732472402,1
328610176699465728,1
601980912015507466,1
263758341409341450,1
612530493707124754,1
704540799450349620,1
92459055737507840,1
318204868320034816,1
687652437339013126,1
152999680291110912,1
280334630501089280,1
1023980177421766788,1
836309815756062730,1
121369461222539264,1
565966190548221991,1
293901770932092938,1
231119128826478592,1
696099739401453669,1
304399159266508800,1
265553377566523402,1
181488024989728768,1
271110077191028736,1
227148189164240899,1
575867615734399007,1
880517948685553704,1
476800193354924052,1
568997761027014677,1
436281512145584138,1
578385639150452746,1
494685480382758929,1
805310804391755807,1
811336562440536094,1
296361386374594560,1
308395417777864708,1
238446931246841857,1
203570980759535616,1
545036549243535364,1
183392009828958208,1
289422223922561024,1
155902041183485953,1
139938213698600961,1
282569452644728832,1
533707965996335124,1
559910652634726422,1
589693968426729505,1
322183563740971050,1
748751962476118029,1
897983708139782174,1
442280091632926730,1
104384920838737920,1
229793298829672464,1
1008948104256553000,1
1022237507561213994,1
436988357197824003,1
684472366553890851,1
1084208060475654214,1
1082480122088665129,1
870904101397987358,1
808338736348659732,1
312148053740093441,1
292129984619872256,1
783516359060750367,1
629840524186091540,1
979430788187709481,1
231401511735787521,1
164795691753930752,1
704659397510430762,1
656135294818713642,1
153682770814697472,1
994796415240916992,1
151545635831545856,1
157107659412209664,1
457554447531245580,1
361271747879632916,1
457831793261936662,1
231599197864853504,1
434620610652667924,1
913964310269685790,1
531884278363979797,1
627245980634316811,1
997362528826957884,1
184134767246180352,1
740489716260012124,1
355906005478932481,1
733374815184093196,1
296068998876102666,1
419886383382134785,1
89927689175072768,1
898109836120703066,1
634261643714494494,1
996866757002268732,1
379766148587323393,1
402694782364942337,1
746116834943697036,1
681265051239317504,1
72503608746192896,1
217281003461410816,1
702949380667474112,1
278205278279696386,1
240476701774184449,1
600452285503373332,1
845111240388116480,1
684587499456430141,1
280744569979535360,1
780938925111771168,1
447785155395059713,1
453785206890037258,1
621007217079877632,1
285525059114762250,1
702891743606997103,1
1025229682356006998,1
786117030003736587,1
249321164239929355,1
898531122567340062,1
352941346027339789,1
689901073124950111,1
456200626716672012,1
758988797907828756,1
562096946240815104,1
720879865665945610,1
933003059443957881,1
892146171504627712,1
415073991724892162,1
279295580180578316,1
436516153553321984,1
644037680606216202,1
259094106356187137,1
332072631203528716,1
447872362881482753,1
381911034572570635,1
618715895325523979,1
817121245718904862,1
693519145563717692,1
243122545618845697,1
1008916534367887391,1
620188335683665920,1
316332312977473539,1
947316792571879485,1
670404396034686977,1
536915990294953984,1
565996408717443102,1
440321975689281546,1
593407017478258720,1
563149885919068162,1
409897476477288448,1
851273154340847636,1
268037699745742870,1
704844017418108990,1
252128514726166528,1
359013629770596352,1
420651937633927169,1
534396061930881035,1
624273375371460619,1
529289037261832203,1
1001564117812903936,1
868228323866718269,1
1001201317596905513,1
473779399783743499,1
537811367185481739,1
424429580468617226,1
795464277980348457,1
430584042044522497,1
756585915966685245,1
643429560867880961,1
457149411118678017,1
422884399768666124,1
947804096654606336,1
187373050109362176,1
508333734966067206,1
357026624157384717,1
139191715071262720,1
352953565913808896,1
191925939762888704,1
264409091223453696,1
709951335696564315,1
568971618269790208,1
772581515628118056,1
711728073564880986,1
464048785484546048,1
264289746774130689,1
722076294241583114,1
365490832297689090,1
221192050543034378,1
699263781028757586,1
401459687716945931,1
391414425283854338,1
796141661284466758,1
814530278353010748,1
225363588162912257,1
758583867358576640,1
1010549596746948698,1
910585264638930964,1
418089139406372878,1
1010244735073538048,1
290068112227958784,1
195254210969731072,1
728669416891613246,1
392576621648936970,1
688601378376908807,1
374284545870266380,1
334850963305398273,1
917086913394004001,1
473262686294245386,1
932708153072709662,1
251761209160761344,1
537825214680268810,1
355438309712986114,1
337974875413020672,1
689645995675484171,1
987198157123354654,1
287698188641501184,1
723679231539806239,1
995486088250531840,1
351479513835896834,1
932332165012815903,1
790245643926896660,1
468667005210460180,1
456257394880544780,1
661198973716922369,1
566285201060397056,1
271107945767370764,1
264619929611796480,1
661006350968553472,1
610532962949267471,1
596787267088023558,1
381663041974042625,1
268578743281385472,1
231966492059631617,1
328162373200510987,1
292902137380339712,1
916972523839692800,1
139160729667371008,1
898460004607205376,1
758834197568946177,1
792969968874029066,1
569133913000116245,1
120631867954167808,1
855743737242058773,1
499049056501497857,1
794543024537337898,1
259475256488624129,1
389840301469990916,1
985637274471522355,1
628307478802726962,1
840295686779961374,1
752913005729284246,1
190609952543342595,1
548844336486416384,1
612935196937027613,1
713105811282591815,1
245573235322781700,1
479476158853939200,1
675727607211229214,1
357984811052171266,1
587044034888073222,1
391387138463105025,1
730287503067840562,1
193802986202464266,1
956540295170899978,1
101133447887585280,1
724915777106346035,1
451497967321612289,1
726600665060606064,1
704859385943425115,1
911378236552917072,1
544177058453127169,1
556446923578540032,1
1006746651932770395,1
498835653925011456,1
227190488879333377,1
1023222155200176188,1
990350089711140944,1
833162400819445764,1
480146005346615307,1
962754322511331378,1
607577155370614823,1
491979034394099732,1
962099185325326468,1
1014175191917678622,1
363337049933217792,1
353686665375514625,1
255769417202270208,1
777483063307272232,1
302945631016583169,1
737052299435835402,1
267068548600299530,1
690686733221756940,1
261882996020346880,1
712122281849258065,1
691754348031508490,1
620257101230637089,1
895179347147763775,1
560208193783857238,1
294823169842216961,1
940895561257717770,1
248037689511772160,1
540199743993675787,1
639288729919291411,1
203121159393247232,1
813302260293435403,1
749525183806832700,1
904369348473393163,1
168582002084282369,1
374298756063166464,1
152494252083904512,1
376174179462021122,1
651815813841551368,1
504119880556085249,1
846866607212855326,1
936363956451291189,1
996125725813899405,1
247313406980259840,1
185506687900188672,1
433771189136130058,1
297818243912171520,1
238926981582946304,1
938991199279259669,1
366693173902180353,1
1031289170909462610,1
742565856260915241,1
487016980281294848,1
449115698216697859,1
747999733980725348,1
1032153333227585546,1
218383080501673984,1
907454910143037450,1
536516006672334868,1
434897476663902209,1
165313695231115264,1
356231269341855744,1
931778077086851102,1
289491564823314432,1
699518723429761094,1
288745051427962881,1
641644146825625611,1
321108985346261002,1
354754669693763594,1
329027201833893900,1
372918693149147138,1
247059444540768256,1
190893085306126337,1
418777877182414888,1
506625311044009985,1
282466356379779082,1
196683135407095808,1
529327465726738453,1
627587936426131476,1
523563958037381150,1
754210535620214854,1
186146028406308874,1
152189162630414337,1
488887031750066177,1
224698607306014721,1
531432046548090892,1
496704936416116747,1
174958461157769216,1
641504792941953024,1
268809570980331521,1
191520219175452672,1
380866186155393035,1
151973054795218944,1
267392331055890433,1
333865588516454401,1
290228422473416706,1
362159519717130241,1
298839340161957898,1
302492005278154752,1
808540602102054922,1
150646794722738176,1
560033824805879808,1
642859262116233217,1
318120491619713025,1
148539641161711616,1
139816420790763520,1
219469854447632384,1
338554404846174208,1
660197622392422400,1
152732834484846592,1
340649142680551424,1
461547141634981919,1
740607047531495485,1
232196565106688002,1
353591053065912321,1
482234268769320961,1
226663528684191754,1
376835683215605761,1
737014712742707320,1
516065613039534085,1
337722652888137730,1
662605404441804801,1
553806411000446996,1
378130819354722304,1
727010251739758673,1
806681580659015710,1
802700138177888276,1
638209706862837771,1
510929770251419649,1
432949631731892234,1
808406194531336204,1
322243578837336066,1
131886498252455936,1
326588547446603777,1
229736645493129218,1
468616801098661889,1
789161395190366209,1
402235901163470848,1
223961177720356875,1
242691419641217024,1
686733193411690539,1
272461203761004544,1
738500031304171542,1
229392216953454594,1
227812076226215936,1
447344634990166026,1
584112233383198722,1
235908285541122059,1
290151694489223168,1
148618695583727618,1
525470761927049228,1
256030329599557632,1
87280963821768704,1
140517963211079680,1
733367307514150975,1
222316413342187521,1
436728318885363732,1
552336298506059786,1
543548042041884692,1
570042012858974239,1
777619873756086292,1
482960890053001216,1
795983132045737984,1
764037494609936426,1
795811181226098718,1
475666275931258881,1
164173518043348992,1
372533013629632524,1
423778818243821568,1
241555049430384641,1
423365638111887361,1
443132257201553418,1
434305701242994688,1
403915009236926465,1
702464167898120192,1
202212308997505025,1
741582615122804756,1
443038006673145866,1
508671778969616384,1
346700058151878666,1
186216581330763778,1
220257012452294656,1
144117154143272960,1
709506644282703892,1
501795184296722432,1
121025544530690049,1
283105684604583946,1
113249709098803200,1
635956443601960971,1
611736586337386496,1
489020170816323584,1
378226303377211393,1
689483921137991790,1
353557230404239360,1
599347333729222677,1
210723730714918914,1
405088332901777438,1
611665033574875194,1
167077307180253184,1
255731366308741122,1
577485387468111884,1
475478353445519382,1
359723795818479616,1
259436312380047360,1
249008364657442817,1
221339936391954433,1
204316789386117120,1
225306788751212544,1
749772349800448000,1
608156662959833089,1
463194128365387777,1
372167480715771915,1
460153946175045633,1
269983676559785986,1
190960144673275905,1
185483007178702848,1
546439105756790786,1
802191009483587615,1
162735372923568128,1
141691394354970624,1
821804498401230928,1
802136246335832074,1
274973338676494347,1
535125965592985631,1
756636801262682213,1
269894229214363648,1
763353907123716096,1
559541033071935508,1
508652614939049994,1
197370172804169729,1
691279542651846656,1
244171348669235210,1
761250643608338523,1
328915933550608384,1
515268958320984074,1
337338964354793494,1
455428635579383818,1
573258268789571589,1
420867652169498624,1
257475057146789888,1
643509573952602144,1
500397894675988480,1
130528873925312512,1
273414639449014272,1
208383579636367360,1
433747045132664833,1
246040956162408448,1
198908760926846976,1
679098540018106379,1
238733292256493579,1
811060315713830964,1
397217167478751233,1
189800327434862593,1
494300494026506240,1
592367900468445184,1
446874863765028864,1
746864730127204392,1
102881032834920448,1
834101959514259506,1
496340260075208742,1
404592162676932608,1
746500176839180389,1
343805194368450561,1
754258707822542848,1
290677662685462529,1
192158330653769728,1
671967035198013461,1
552609983418597396,1
197792352885145601,1
291325966548992000,1
502593584172761098,1
378949972143505408,1
122066990285193216,1
126125695511298048,1
268539562278649867,1
548915845636685855,1
248216208166486029,1
784603938887696404,1
250040281020366859,1
389573436038578177,1
582568734124802061,1
738796419447783584,1
344595678359453699,1
166310277380308992,1
457443300035526657,1
137616038018678784,1
138412267606638592,1
809235196586229792,1
365238890170155019,1
299512314518831106,1
215268887049011202,1
308326007985799168,1
346394501708775425,1
615634750467604530,1
364024705277100032,1
131631103890030592,1
755540724857962607,1
601321949699768340,1
462033814068264981,1
546368443373584403,1
491522530687975424,1
226903187100139536,1
452542913574862858,1
782068176527556628,1
371035375231041538,1
261853411031515147,1
754698915437215775,1
449762789230116903,1
469175227729838103,1
756962971061846017,1
356166991167356944,1
305450435756687360,1
789662779677999105,1
463943953973248001,1
527221012056506378,1
193913538614525952,1
295287738184368139,1
361317180802990082,1
114182511206072322,1
261714798465646613,1
231968735248908289,1
797028963343663116,1
689538278785155102,1
154259851407654913,1
801108669307551764,1
158074989730332672,1
178965274572226560,1
660849900824821771,1
532383529171025930,1
311715881237610506,1
257915517820469251,1
674011002496614420,1
357479956537933824,1
287770468155654144,1
568889588807106600,1
210506105346981888,1
120095263116230656,1
309067581355065344,1
487053259232772118,1
231183685838176268,1
536177948206694410,1
190332734747574272,1
335676626962743296,1
190947921988943873,1
257328056585289730,1
179140432922411009,1
622525961493020692,1
206243604220346368,1
396389782651011075,1
483221469313368064,1
498204591372894218,1
271392262510870528,1
155925544158887936,1
749329580111954003,1
479441645520027671,1
748687410191269910,1
381540736765788160,1
189496892084846592,1
407365081588957184,1
241690492193079296,1
259790287478456320,1
152579751947534336,1
160980621609533441,1
183266981279956992,1
264641509314396161,1
525319522408726542,1
698594306352742563,1
298863594936729603,1
757128321380384769,1
664899046741114918,1
715142862244675676,1
197824223950012426,1
244260080529178624,1
339306670687649803,1
196339882761781257,1
423308189677649932,1
748463165645258805,1
363833171906920449,1
269152070093897728,1
220920004453990410,1
598031202305441793,1
395724983269195776,1
205899833637076992,1
253154276560338945,1
249983786266132491,1
630159953826676748,1
460269573850136586,1
142684350951981056,1
228297690025295873,1
166012394542202880,1
422913513053224968,1
700474769426088036,1
312844466639863808,1
368406062119780352,1
780858310818922556,1
319988360737456142,1
508782481579835412,1
247064236528893953,1
668317660844523599,1
570086852242178048,1
491733131376721931,1
131164629790359552,1
526622660327768067,1
521935100892545024,1
264924760545296392,1
201083770957332480,1
381742980064739328,1
337169435867611138,1
253305441830830090,1
329875735407755266,1
209116746907516928,1
292005848698322945,1
220648231028260874,1
87326692607037440,1
555921134953037845,1
340291751556284418,1
186304632950226944,1
261309784060461057,1
355120707937501197,1
593533723157331976,1
320241035542265856,1
274527002151747585,1
139028709595283456,1
272850426796179468,1
613074171823521814,1
185955331942121472,1
99901766987939840,1
280429223234109444,1
221212725521416192,1
403962378200547328,1
248316809999155200,1
663447617715568650,1
505832805499011072,1
355814337627029507,1
730947134081466461,1
698271752748269609,1
192105818970259456,1
250824694041673729,1
279449135957147649,1
455394067996737546,1
694900866037317692,1
495557451685298187,1
444659488868270080,1
411625526428434442,1
560548695158947849,1
215503426262401024,1
734873654072049755,1
288504582878003212,1
228687337687744512,1
606558584511266816,1
453895458184757251,1
183727565960118273,1
410593801518710794,1
269884595913228289,1
533843381407973397,1
683682782228250760,1
292773341843161090,1
719489309337714729,1
234930733553156096,1
535160740844142593,1
136967574322675712,1
721554477995524167,1
761856954398015519,1
252702101929590784,1
487405625953878046,1
653362031881093127,1
776269816603475979,1
753985067445125341,1
332514713697255424,1
175630334560305152,1
153988955270938624,1
161574835846119425,1
535585479580450816,1
243003330232713217,1
699725656434409614,1
340159908991205376,1
226351416124375041,1
281709978094665728,1
130846473356181505,1
224002482873827328,1
777646768644554814,1
767541983728107573,1
246740485345902592,1
215965134814707712,1
439401404847620106,1
554016483794092042,1
347136681868001302,1
142570366970101760,1
763885347989356615,1
726351324828008459,1
451486218505682957,1
432293646423818262,1
340825674392535041,1
691126698212589648,1
504370788938547200,1
200889993621798912,1
546335939232792595,1
275137095922745344,1
138444396436783104,1
260567501484720130,1
414603276059803649,1
339981654065938456,1
165270647738466304,1
180157472647020544,1
526073172957855758,1
668970481596104725,1
152126589172187136,1
242067473203986433,1
106800625316040704,1
165225176559124481,1
476851560056356865,1
753414462245175316,1
208131537005182978,1
710485026927542355,1
402607429654675468,1
394320941691174912,1
714670623863078994,1
348021179275149313,1
703353479745241128,1
217550657576501248,1
252134298008682506,1
176947507471974400,1
339440310759456768,1
227549180913123328,1
263617254346719232,1
128628530002133001,1
670946391148986369,1
565992944121806893,1
389207742625087508,1
633826415606890546,1
585608481915142257,1
639617914663731240,1
197870330520403968,1
713660424935178261,1
398642438656229386,1
521013612211601429,1
304496040105476096,1
265738688363757568,1
203569959337590785,1
715575478144073809,1
469928180325548043,1
413156981818523660,1
218069225414066196,1
627997183001624587,1
143899911073693696,1
212645022582046723,1
452649320705949696,1
640361849845710868,1
727333931770445896,1
321642628506714113,1
300806177263190017,1
614069678519615500,1
735811751270154240,1
198570749655646210,1
198118799105327104,1
421374583225057291,1
760357332138983427,1
168366192938057729,1
224822780623978496,1
705579315009552385,1
183414668365266950,1
357691689508536322,1
423883404334071818,1
347225948543909889,1
475268643081682964,1
571824408939724815,1
549584399453257738,1
211198084011655169,1
458467897920978965,1
252668304601120769,1
200223146610130944,1
268861364867432459,1
280498232323211275,1
474333730723594250,1
360224527281553408,1
599739255643832330,1
489307265967587329,1
710952770642903042,1
534611843550019584,1
237736877807894528,1
502644004660183042,1
682654054496993290,1
436217013086453780,1
389418685170843658,1
579425068153569307,1
196440492840452096,1
575695865629376532,1
272120043163090945,1
362972927878103040,1
343611431129841665,1
708415072569000036,1
668194069247295516,1
684431567946252338,1
153938790321356801,1
760425932472713236,1
193767056389308417,1
280494079786090498,1
386397856669368321,1
299136121680691210,1
562479537275797512,1
706880607103352844,1
690446388017758229,1
301030835904315392,1
638073381991874560,1
631466030023049217,1
871047838287675393,1
460262501808996352,1
567754801866342440,1
448822258547294219,1
878038190076878918,1
715362712888016916,1
472209065489989633,1
305760861828415489,1
231726578898305024,1
900139681897934889,1
385573186525200384,1
224342376972288002,1
741357647663595592,1
460017954289876992,1
687553706337894418,1
655000334002946059,1
803153173095251979,1
99234581655347200,1
334148911893708804,1
555567967987957791,1
862403977522315305,1
203403268125097994,1
234636699257405440,1
247546173433315329,1
292999345467424769,1
883719682446741504,1
464629012313014274,1
256817559494459393,1
284923403264065537,1
94545463906144256,1
604795040086360084,1
216406423364567041,1
401854524249210902,1
192811056865738752,1
907008901365530665,1
290910884560109568,1
676219516333850665,1
760890924501827636,1
356923053432766476,1
229323089505288192,1
209569718753820672,1
327223789312147456,1
297212197984010241,1
290116970605576192,1
721002340731060271,1
310645460815708160,1
275242315445043201,1
229172103092502530,1
732795554723004427,1
151521383287881731,1
861289211709095946,1
219903889841979392,1
647051286931570698,1
758436836867047426,1
550107184801906701,1
887280958393421825,1
614400079888908298,1
863416267686674452,1
265833882602045443,1
522737328423305236,1
378980758582198273,1
875415127833341952,1
672553834383409169,1
325707554732638212,1
618479721419767809,1
764296471162912768,1
550819163829043210,1
715138068038025278,1
267304829389504512,1
700997135084027915,1
399292708797153283,1
660223274701160502,1
743673427352879195,1
634269572375117825,1
750067723912085595,1
188496964030038017,1
506584171494375444,1
491051191111778305,1
787161936193781772,1
209072383078825984,1
719917684220756038,1
135071384857477121,1
743337566530699324,1
737264772675797112,1
295266037602058241,1
676185979840757764,1
570529632848314369,1
261216350553374721,1
495197703425228801,1
560885092223025152,1
592097067116265472,1
204599929811894272,1
174893733257543692,1
462060954314604544,1
196480477232627712,1
403638766943600644,1
741311821075447901,1
284822147719888896,1
259147543903076352,1
254890990282866688,1
681200420424646756,1
427231636216872961,1
801584933105172591,1
309579668141637632,1
315505813772828674,1
96688395006246912,1
835690978547335229,1
790627651395649577,1
780688340659208242,1
298280385345880064,1
361211164400549911,1
486167937586036766,1
710901318906151013,1
486562568857583626,1
521523186576130059,1
306964183583293442,1
320559583850397698,1
457075405631913984,1
187452416931659776,1
555878810248151051,1
555878751519375360,1
741412479598592131,1
312351325591699467,1
797867723132370954,1
692642942091001869,1
520421528236720143,1
99249657263169536,1
221246052840243201,1
641401240470814740,1
555897426926632985,1
590665216669515787,1
138892431637610496,1
210991332070653955,1
385402529267056640,1
288937236848836609,1
502016836251156480,1
372151050184163330,1
584082563082223618,1
384098391187128330,1
817697524403273758,1
300723673604554762,1
309800791626088458,1
241758242869346304,1
302569828437327893,1
724892955042906122,1
870392499414384651,1
437296158092820480,1
239105645800849410,1
659478859594596391,1
467379406113865728,1
182445694584356875,1
876877902501789706,1
220765860120231936,1
690369378755018793,1
933847468741885983,1
477856642541551623,1
509633128743043102,1
612626506887462915,1
933519122631913633,1
295193765725863956,1
312422155239292928,1
319004724349239298,1
232858717199138816,1
914687267669422140,1
890054960409116672,1
130877984084197377,1
691399557430378556,1
231457291411521536,1
266283084725485568,1
328510348007047170,1
505327524214210560,1
512341122379415562,1
298198926287437826,1
565650687631818781,1
248669818637647872,1
371045393468882945,1
527680719305048085,1
784555827343261697,1
516668226097119234,1
387756204295847947,1
382637083602190337,1
338001643528257536,1
563856963864100885,1
528059938791096330,1
336195343819603969,1
427155509129379851,1
341867149008175106,1
661380808036188170,1
425064436387282945,1
431157553129455627,1
900570407600537620,1
409067983261138946,1
246907541991325697,1
729001522163220560,1
197168743456047105,1
826995887012053003,1
474344658307252273,1
764175855748120597,1
720952611846488104,1
545287556976082955,1
199581155752673280,1
338299669115305984,1
730843982355234888,1
761761106686378014,1
418511413733228544,1
257898333631152129,1
194600571108458496,1
809392614364282952,1
762928535273865216,1
547183570746081283,1
301834036307820544,1
235475693511639040,1
799590687430410260,1
217031038805868545,1
202460719428403200,1
671903905445183488,1
477638282700783646,1
280115887200272384,1
406539589466062863,1
269046778949664768,1
189443733152989184,1
521493776380723210,1
312630873931513856,1
690932420601446420,1
308618518172270593,1
222413003104976907,1
370211885129400320,1
358810485929410560,1
915289998314602577,1
123010145104953346,1
443137681808162828,1
761976559711944714,1
901990183052910632,1
189959400331411457,1
269928172194234379,1
137011205838602240,1
200139178938335232,1
740410639633350657,1
894340684247625768,1
536129720388026378,1
419637747968376843,1
241999547184709633,1
316990238058741771,1
621397007332016145,1
691453965426098267,1
239810241355579393,1
620800220745433088,1
460223068850094081,1
298468547674505217,1
615691290822180865,1
472446189468647425,1
257866880402849792,1
124859888005414913,1
268177717688532992,1
384460811239686144,1
426546182786121738,1
576926763427561493,1
294352550528811010,1
226820255194808322,1
790326490620756019,1
640320601394905098,1
790977139029180416,1
336081532231876619,1
706994853883674625,1
459460967642955796,1
601658081671381023,1
739091194784645120,1
445759844167712768,1
647553789523525642,1
597407383056285736,1
270050580829962244,1
697084316336783411,1
249576214761570304,1
850602198776676352,1
514146598989594628,1
335696350996070403,1
339721481753853954,1
533070074286833664,1
325681069095518220,1
646858066519916566,1
752667054284210196,1
283940267839717376,1
527189526423273473,1
172326992455139330,1
661698870870540291,1
531313487197110272,1
345997084731899904,1
619262913257144340,1
311289809924784128,1
205728464072998913,1
670009873408196609,1
222812600453300225,1
289036424471379969,1
442904310506848266,1
746190555863711795,1
730631579164213278,1
340539089315037184,1
514077587019005953,1
314385475131670528,1
178615220220985344,1
297937556295909376,1
153651555843833857,1
152903365582520320,1
775180299327111168,1
599337951125831681,1
321163469774913536,1
189261177518424065,1
718264454378291221,1
219839909186371588,1
369962201102155797,1
447335486764220416,1
708103216310648904,1
301323172727488512,1
668980759419420672,1
359582728221491200,1
255396788335411202,1
285349548308692992,1
278232703885770754,1
512846273494122496,1
472177118642700288,1
218893332124794881,1
180862875953397760,1
478556782550056980,1
246433180834463744,1
689801274652229654,1
751141625325158481,1
444135606835216384,1
294327175858094081,1
371976712789032970,1
469414880878002194,1
294807553341128705,1
761057724736995329,1
528049806451539969,1
768612591458713622,1
387278524559392768,1
724632132701519925,1
692335082710499418,1
303893078094249984,1
151819909247139842,1
759179311545974854,1
488534443812847616,1
283803679469862912,1
278745718238347264,1
795610898734645302,1
107278104736645120,1
252646834604998656,1
323154761585000449,1
544176847680962590,1
557950081756823553,1
148169905357717504,1
315567003337359381,1
613247819016437760,1
709812699999240204,1
733875137459519592,1
365213219901538319,1
846887796651851796,1
744640963514728639,1
248935627435933696,1
421913581123272746,1
290542332577841152,1
231276908355125248,1
679359004895477810,1
551938370457174026,1
413436055346348052,1
300072341785018368,1
472648867817455628,1
130717098065264640,1
535666171517730828,1
691855873873674281,1
682964460977127445,1
496678865209393153,1
484958598292570132,1
273228913205837824,1
775472935900414004,1
773022461923033089,1
264175814986301440,1
552891781742723072,1
750770111891374164,1
674763182698397699,1
831777637478825985,1
865700485348327425,1
824700579586637894,1
560022493960732673,1
398801929138077719,1
601523305408757762,1
738492463404023918,1
687831484849193069,1
867096035205054464,1
647103751550664717,1
486594270489214996,1
411033989248450570,1
409090708692140042,1
561746584258347047,1
401411892301529088,1
591050188710215680,1
687843466847453258,1
722114494880415745,1
450830762397138945,1
543962993642176522,1
482616450834497537,1
414551571116851212,1
338373754864533516,1
745559487384911912,1
213073374644142080,1
207165827189964802,1
264274365389078529,1
179423077262819328,1
358253305258049536,1
250672056213962752,1
727935716398727208,1
736417482721460254,1
874137064327770132,1
311623542238347265,1
883170548778147850,1
503428107273764904,1
151393857051820032,1
505144230596050962,1
546416404119683073,1
341199393556529155,1
282563916071043073,1
478892539001176064,1
349460456634581002,1
318103186156158986,1
866763568984883230,1
249210172688302081,1
360628167221837825,1
203641354612506624,1
522449104736092170,1
255485576319336449,1
133663546834681856,1
276322954990845953,1
480443393097596928,1
202157025914912769,1
607662011815559170,1
141732184670076928,1
706164151680106558,1
343904970568892427,1
769701445607096340,1
361000822341107716,1
525558985894526978,1
804058268032041019,1
487094704496836608,1
765610451781550090,1
275073761919762433,1
796853679751299113,1
186045157747982337,1
271686734591295488,1
425190869084405763,1
750467453116743691,1
393380626318753793,1
527309463451861012,1
513749551249621021,1
829414681508577290,1
626130640768729088,1
124682374477774849,1
713431595272503370,1
382020312113479680,1
871350596450549810,1
266198406643318785,1
622846132967571457,1
821336049707778049,1
330804806526697482,1
363690843120467969,1
643111390508351488,1
192357505433731072,1
254778287291760640,1
156317495861575680,1
699406677786493048,1
475343709890805770,1
813250894556168233,1
282011487869075468,1
216370571535974400,1
272170174667554816,1
359112142697267231,1
531176140463800351,1
221582539687460864,1
791114543048163328,1
696645338077069363,1
768817257539174421,1
309458161255972864,1
280411543718330379,1
301103487213895680,1
130427487124455424,1
209408010873733121,1
209470363652849665,1
195314659400744960,1
450205206064529428,1
562413613181173790,1
686567311938813990,1
735076067588571207,1
725086017933017803,1
622046502189006858,1
270016122642890752,1
339134921853632514,1
220194542039728129,1
595321021108846603,1
292859372533710851,1
204697816193302528,1
607992956070264888,1
707943835803713607,1
324006564505583626,1
247440191332024320,1
600715705813565441,1
273137033696903168,1
413842931791822849,1
779429785863847977,1
396411861752610819,1
335625295463841794,1
224041983893700608,1
646509234493718598,1
320758371219144715,1
